,strain,up_strain_armchair,up_strain_zigzag,bottom_stress_armchair,bottom_stress_zigzag,total_stress_armchair,total_stress_zigzag
0,0.0,0.0,0.0,-0.020919204253472802,5.7458422906203876e-05,4.0416694927168483e-08,8.768629024384203e-08
1,0.0002,0.00018954755915068233,0.00018954755915068233,-0.011985037761085655,-0.0009442227907867159,0.15986882367872488,0.13725195441351398
2,0.0004,0.0003743212308517929,0.0003743212308517929,-0.009702750043139396,0.007472765148038606,0.28851141197190294,0.3031822950452038
3,0.0006,0.000491589877101628,0.000491589877101628,0.07270922012201454,0.08758131247925569,0.4257799421991176,0.3356681385777317
4,0.0008,0.0006783446130005366,0.0006783446130005366,0.10924891444981266,0.10203842514325889,0.5642619192262266,0.47236705295635806
5,0.001,0.0007311797326805536,0.0007311797326805536,0.3184922308961142,0.2943678014782724,0.5339811156783758,0.43963865823740145
6,0.0012,0.0009266704844257401,0.0009266704844257401,0.3877911764736568,0.33219483044867965,0.6347462657927543,0.5224599226900608
7,0.0014,0.0011002000596165296,0.0011002000596165296,0.39208434599172626,0.3446907141172318,0.7247012443546097,0.6902314250735815
8,0.0016,0.0012767214542994676,0.0012767214542994676,0.40697552453099833,0.35115041589700374,0.8849297921247137,0.7583011801820384
9,0.0018,0.0014547798118147437,0.0014547798118147437,0.4196592545234086,0.3740778040825435,0.9690561903330118,0.9436961676465102
10,0.002,0.0016467921739917735,0.0016467921739917735,0.4213208671516635,0.3715168085362488,1.1119325318822662,1.0682128760298724
11,0.0022,0.0018433749782758024,0.0018433749782758024,0.4295099066898588,0.36625903036960034,1.2906268241792263,1.1865093252747383
12,0.0024,0.001990167467142978,0.001990167467142978,0.44700999436493905,0.3827690503187191,1.4140628955727557,1.2756973082296323
13,0.0026,0.0021901882146040386,0.0021901882146040386,0.4510679512774308,0.3851591914695718,1.5594672245467205,1.4004174833346752
14,0.0028,0.0023873813549177836,0.0023873813549177836,0.4650811221800714,0.3921280210632499,1.6993383671286086,1.469693565574284
15,0.003,0.0025665734247539707,0.0025665734247539707,0.4702437961958033,0.39772539860082357,1.8170027872966446,1.6540735846006398
16,0.0032,0.002680686443630842,0.002680686443630842,0.5552569097567502,0.5049235769609287,1.9203405759391479,1.8476921268125912
17,0.0034,0.0028596742591955326,0.0028596742591955326,0.551940080241913,0.4827465133317049,2.019074044418759,1.8498932878992675
18,0.0036,0.003057876536948001,0.003057876536948001,0.5511401794022635,0.487696817724672,2.154457325288072,2.0081555511333717
19,0.0038,0.003257127994065412,0.003257127994065412,0.5546497782993495,0.4919855044177242,2.300845069569965,2.178023134068163
20,0.004,0.0034374505405108113,0.0034374505405108113,0.5856530272569135,0.5173538605249413,2.419408305509665,2.221250460237893
21,0.0042,0.0036220227891878842,0.0036220227891878842,0.5783223115511332,0.5039090653683957,2.551301187036811,2.3287746576904125
22,0.0044,0.0038111217978700207,0.0038111217978700207,0.5965745552162126,0.5151615686747502,2.691518003608751,2.598873061631189
23,0.0046,0.004011184205113372,0.004011184205113372,0.5899818122183131,0.5150674548765569,2.829482110223519,2.648733627726734
24,0.0048,0.0040579543885646,0.0040579543885646,0.7053017787774898,0.6220051702015548,2.898199527645993,2.684688826153518
25,0.005,0.004258784872760213,0.004258784872760213,0.687212841700446,0.604567763517583,3.0070012161229362,2.817205705351778
26,0.0052,0.004462605963056365,0.004462605963056365,0.6918974939547738,0.5877032499488273,3.163896046774334,3.0417184646784166
27,0.0054,0.004659514360781936,0.004659514360781936,0.6832917483657499,0.5844618809009682,3.290027700209775,3.1208039003012247
28,0.0056,0.004859254005830316,0.004859254005830316,0.687055000293878,0.5804114028014287,3.4294891182267087,3.299343612246609
29,0.0058,0.005058463398701862,0.005058463398701862,0.6813529459962241,0.5716735925931056,3.5722175340811027,3.4150585746927846
30,0.006,0.005256788229016873,0.005256788229016873,0.6803475646173708,0.562314367412684,3.708109280693894,3.575384285226637
31,0.0062,0.005418141013936673,0.005418141013936673,0.6901221188428327,0.5765886677526083,3.729567146925289,3.531464532661065
32,0.0064,0.005624673630240107,0.005624673630240107,0.695131896273443,0.5606370980750544,3.9429303973767764,3.8117438589292854
33,0.0066,0.00580568416978533,0.00580568416978533,0.6968706683705927,0.5800996718513758,4.047456264563505,3.8884656808757443
34,0.0068,0.00600538215505142,0.00600538215505142,0.6794013648217856,0.5569214659231626,4.2409764717633625,4.106806280250038
35,0.007,0.006176766049235782,0.006176766049235782,0.7060319364791199,0.563689345508041,4.283217641742309,4.117158889282826
36,0.0072,0.00636190373844947,0.00636190373844947,0.7060494399262427,0.6148904141591429,4.446393085881906,4.5816192370893125
37,0.0074,0.006546192862394218,0.006546192862394218,0.7012695103246203,0.5819207950820077,4.571396734055428,4.498415020840672
38,0.0076,0.006744311820582549,0.006744311820582549,0.6964676149845404,0.5460047088877386,4.710479046772144,4.5384546721231445
39,0.0078,0.0060274120904695305,0.0060274120904695305,1.035765356587288,1.3698339148343774,3.873461158779021,4.057829420092981
40,0.008,0.006211093305167559,0.006211093305167559,1.0644330685683394,1.415676911646412,4.0258341428710676,4.121650357467849
41,0.0082,0.006410023213482052,0.006410023213482052,1.0322986698504102,1.3442279201531735,4.138978476781797,4.195448680640634
42,0.0084,0.006608022450354856,0.006608022450354856,1.023349886836328,1.3083436180606922,4.258008873135478,4.300410156272317
43,0.0086,0.00680905112186303,0.00680905112186303,0.9814825912541859,1.3105094846051941,4.369619741433919,4.46802901398916
44,0.0088,0.007007737947371417,0.007007737947371417,1.0033429736046746,1.2931723845175396,4.5248335541659355,4.5842666623522765
45,0.009,0.007206345902418754,0.007206345902418754,1.0016412178784948,1.2904055334960147,4.660192875250195,4.723471991241817
46,0.0092,0.007404627455095625,0.007404627455095625,1.0042994506577556,1.2735698370967552,4.792231312279864,4.849413338305779
47,0.0094,0.007602788881993838,0.007602788881993838,1.005246316963273,1.27013463363456,4.925111875243131,4.979884242238542
48,0.0096,0.00780228261298932,0.00780228261298932,1.004549485727739,1.2586767178856635,5.064984652897476,5.099876978545525
49,0.0098,0.007980909646752243,0.007980909646752243,0.9874413535468162,1.2177432597007523,5.104948498034955,5.1835626184255785
50,0.01,0.008183396815095723,0.008183396815095723,0.9826651332043135,1.2431153047534074,5.326080206344051,5.3693543152851655
51,0.0102,0.00837459863161083,0.00837459863161083,0.983259608312649,1.199296464566701,5.373972445127945,5.400972031468156
52,0.0104,0.008574136449171599,0.008574136449171599,0.978014717319157,1.2041075838936237,5.536721977387744,5.583541552703548
53,0.0106,0.00877165032936067,0.00877165032936067,0.9758236648566698,1.1896997849365476,5.675384807953739,5.734334294306058
54,0.0108,0.008902871766880649,0.008902871766880649,0.9371834453822816,1.1511590009380923,5.6006484206355704,5.656331122922549
55,0.011,0.009116443268491814,0.009116443268491814,0.9461157724648777,1.1634908909470707,5.8654763668666945,5.9350907732259595
56,0.0112,0.009296400988497044,0.009296400988497044,0.9383507468820077,1.1528299438687646,5.953040875403627,5.952558235083551
57,0.0114,0.0094963825029597,0.0094963825029597,0.9340554797067343,1.137532305129355,6.164140166590263,6.260874771734444
58,0.0116,0.00968795157269886,0.00968795157269886,0.924724096879484,1.1335367785850106,6.202368281422274,6.237882195841651
59,0.0118,0.009881620619023979,0.009881620619023979,0.9087930314084874,1.1066054262608744,6.429505537073172,6.499301863553781
60,0.012,0.010076224381428966,0.010076224381428966,0.9076099458056944,1.0992079266655477,6.4555011907831945,6.503404622530378
61,0.0122,0.009849696687604714,0.009849696687604714,0.722145029445837,1.0509327527319645,6.387471580676464,6.5340982324242205
62,0.0124,0.010037139012139207,0.010037139012139207,0.9935503336715716,0.9940276769281268,6.3751171000148394,6.00384146103244
63,0.0126,0.004454702333922977,0.004454702333922977,0.49797526146668997,-0.08355736990554379,0.8538555966020914,-0.13825632272142696
64,0.0128,0.004649304074008542,0.004649304074008542,0.4864964816943415,-0.06701897904317601,0.9969558139110647,-0.014014556559250026
65,0.013,0.004846088705780183,0.004846088705780183,0.47799725519809805,-0.059253474752279836,1.121570125690829,0.12206000284203142
66,0.0132,0.0050445716814813135,0.0050445716814813135,0.48415196545621275,-0.052693420267908506,1.2693742074808043,0.2521710052601797
67,0.0134,0.005227688669034558,0.005227688669034558,0.4984000905280966,-0.031447952024905884,1.383691119683682,0.31222998752277387
68,0.0136,0.0054257283522975985,0.0054257283522975985,0.5033714186880788,-0.013632036930337337,1.527362785546233,0.5339463049504243
69,0.0138,0.0056239698630486945,0.0056239698630486945,0.5140198777710784,-0.0015209626826355016,1.6747638687353983,0.6632895837175669
70,0.014,0.005552876838312182,0.005552876838312182,0.3803567834829404,0.12175066064968999,1.658340256525218,0.7120676457333975
71,0.0142,0.005745536747198132,0.005745536747198132,0.3961621129969385,0.063770259213162,1.7780230466140319,0.8373984067267713
72,0.0144,0.00594398008543684,0.00594398008543684,0.4053774885533149,0.07160307349649958,1.9255459102155392,0.9653712050010113
73,0.0146,0.006140320211378558,0.006140320211378558,0.40325266836433116,0.10194843132312903,2.056973698601966,1.1887191851497763
74,0.0148,0.006286910063830087,0.006286910063830087,0.42880915344190523,0.1496476708407185,2.1710549921905873,1.2634493009034522
75,0.015,0.0064854359127051175,0.0064854359127051175,0.43828342989887803,0.12959667497448327,2.2757395758974956,1.3618775430362853
76,0.0152,0.006682990643748443,0.006682990643748443,0.4372831357790365,0.14967638501587122,2.4335281507116346,1.5296367532204131
77,0.0154,0.00688050452393707,0.00688050452393707,0.44144148305621805,0.14519267883287013,2.5685646478182393,1.6451639461675334
78,0.0156,0.00485617563106322,0.00485617563106322,0.07988270865590914,0.5299869001607973,0.910284529391104,-0.016068344859805114
79,0.0158,0.00505215012163629,0.00505215012163629,0.07050966659551693,0.5370214607737878,1.0203142077921172,0.10309859521124401
80,0.016,0.005229885312492577,0.005229885312492577,0.15929213116231727,0.5209388320142837,1.078364321902496,0.0360446264614782
81,0.0162,0.005427441661391752,0.005427441661391752,0.17164649795192619,0.5337220339641061,1.224226295601951,0.18069343005869373
82,0.0164,0.00562414580484627,0.00562414580484627,0.18412815508203478,0.5413130461584338,1.3620774576856929,0.32154433155212
83,0.0166,0.005814500269484046,0.005814500269484046,0.17557496960243002,0.5462106559552381,1.4478591456471241,0.4259313929097799
84,0.0168,0.006012215572696933,0.006012215572696933,0.19089933203525117,0.5663955299035415,1.600997089971195,0.5877786457492423
85,0.017,0.004903917336809727,0.004903917336809727,-0.7895434620545316,0.015083861036455598,0.7665266416569256,0.33674151258410084
86,0.0172,0.005093382385324086,0.005093382385324086,-0.7710920232658252,0.04675720526575563,0.9274473795249493,0.4441752764662576
87,0.0174,0.005289317238435176,0.005289317238435176,-0.7557090565683832,0.06693245407500961,1.0585936216157108,0.5782314910565711
88,0.0176,0.005486546376036072,0.005486546376036072,-0.7501402575274075,0.07579993683506518,1.2047360408610954,0.7300385144873297
89,0.0178,0.005672656800937093,0.005672656800937093,-0.7489897546145967,0.1034867414482657,1.3220314352040654,0.8306178822777384
90,0.018,0.005869523134417021,0.005869523134417021,-0.7399259218898171,0.10520955326110833,1.4613162986426016,0.9944359874510574
91,0.0182,0.006058461570929596,0.006058461570929596,-0.7222438529310165,0.07804668562513209,1.5723757314594546,1.0004825604117358
92,0.0184,0.006253951918210543,0.006253951918210543,-0.7015570878585187,0.14713567842155215,1.7518537575611004,1.3185841846252837
93,0.0186,0.006379349884451546,0.006379349884451546,-0.6329751233129546,0.10611514751777333,1.863030316515515,1.2975952567961055
94,0.0188,0.006576378407956662,0.006576378407956662,-0.6269089715838607,0.23732303289771706,1.9642802005064184,1.512227629766851
95,0.019,0.006407366694565431,0.006407366694565431,-0.29229459496799887,0.29484275656736864,1.380116490722343,1.1317970059964881
96,0.0192,0.00660471717133726,0.00660471717133726,-0.27897747094882897,0.23547240577665984,1.5415649895243713,1.215492863788037
97,0.0194,0.005534274734473987,0.005534274734473987,0.22771121019159188,-0.6628500969375279,-0.38778232461540163,-0.28421830601771064
98,0.0196,0.005730578458664537,0.005730578458664537,0.2462469283340819,-0.5837746614627961,-0.28997377160120513,-0.0876268331859426
99,0.0198,0.005925096879186187,0.005925096879186187,0.24766320459760874,-0.5500402180186637,-0.1575588637011451,0.05798609570667956
100,0.02,0.0060694237560992015,0.0060694237560992015,0.23381335730456035,-0.3690503379629577,-0.08220885824827785,0.24823787002943273
101,0.0202,0.006260506660226373,0.006260506660226373,0.27036011259710474,-0.28370220323664197,0.07638976600073429,0.4122696799284593
102,0.0204,0.006457331333924454,0.006457331333924454,0.2925565945122535,-0.33495736396770803,0.2130007829353935,0.545276811500885
103,0.0206,0.006654522856382572,0.006654522856382572,0.31120910171878974,-0.3234301693375556,0.3620035204877056,0.6736016981219336
104,0.0208,0.006644747368304893,0.006644747368304893,0.3757182347407479,-0.14600308096088857,0.38830497043533735,0.6545624894774835
105,0.021,0.00683740687272727,0.00683740687272727,0.41485504053188743,-0.1219665351932002,0.5410520952305092,0.759330774416514
106,0.0212,0.00703399048593889,0.00703399048593889,0.4260650059804983,-0.10866193217896825,0.679056713933883,0.939732138540516
107,0.0214,0.006637347296731377,0.006637347296731377,0.04059297117319946,0.2845136121926765,0.4120918736703099,0.5892121540801183
108,0.0216,0.006808609042816549,0.006808609042816549,-0.0002954527363367097,0.1777564412669718,0.485966687642697,0.6381942278665945
109,0.0218,0.006989865091950875,0.006989865091950875,0.01277117143705991,0.16372017553519588,0.5781967390380387,0.7141956822111153
110,0.022,0.007185599330965742,0.007185599330965742,0.029724497657607818,0.2165470545265621,0.709269194638664,0.8662277291990597
111,0.0222,0.00738254574829833,0.00738254574829833,0.04713099704994583,0.22446307327123308,0.8580588948487883,0.9935624242388004
112,0.0224,0.007420862636172032,0.007420862636172032,-0.05063672697871323,0.21992865993017158,0.8096195695531455,0.9968427073964297
113,0.0226,0.007611175845491536,0.007611175845491536,-0.012044735969218016,0.12861487240826008,0.9649429485781453,1.0476122228182105
114,0.0228,0.007806262537797259,0.007806262537797259,0.006008971913744192,0.19737375275177366,1.0980537636744339,1.2173221478635996
115,0.023,0.006357326420456388,0.006357326420456388,0.32389284025890797,0.10734580968796921,0.9015899699679311,-0.3915670145152738
116,0.0232,0.0065326756787480456,0.0065326756787480456,0.3303270998350169,-0.05277373751659119,0.7904847928255457,-0.24278140846747293
117,0.0234,0.006728771912956066,0.006728771912956066,0.3461512623130118,-0.03900651766762214,0.9297660516633414,-0.08997630619375481
118,0.0236,0.006576139774253864,0.006576139774253864,-0.3625514323989365,-0.3779827988103595,0.7294240424094528,-0.17134422885187933
119,0.0238,0.003810753735717931,0.003810753735717931,-0.8854023063212181,-0.14954609145955247,-0.646640516177372,-0.05518085923612395
120,0.024,0.003993181112316169,0.003993181112316169,-0.8282826936558487,-0.1822016681496936,-0.4612847338413291,0.11174541864496564
121,0.0242,0.004188470845501113,0.004188470845501113,-0.8104354063024684,-0.14451527064008066,-0.31537447689917336,0.27630110587203194
122,0.0244,0.004381090307997049,0.004381090307997049,-0.7888888690189959,-0.14165165169104638,-0.18692987504567152,0.3798168164129814
123,0.0246,0.004576822524692048,0.004576822524692048,-0.775755031257654,-0.11896845137802647,-0.03596406679489671,0.5296523373247
124,0.0248,0.004709864454240709,0.004709864454240709,-0.6677508078479275,-0.0033913587812051563,0.09797053446654361,0.6509399745400432
125,0.025,0.004899771986265566,0.004899771986265566,-0.6245510389610421,-0.10109385599268253,0.2636435207785313,0.8072033309022506
126,0.0252,0.004695288788559848,0.004695288788559848,-0.3924677550505767,0.25719087434614346,0.41765899697274395,0.8419674589973272
127,0.0254,0.0048900519097430095,0.0048900519097430095,-0.37818071586579116,0.3334259962392135,0.569224244153705,1.010743377635833
128,0.0256,0.005086230654587132,0.005086230654587132,-0.3563756433415765,0.34490010480418115,0.7178090531606743,1.136139145368619
129,0.0258,0.005272865669170734,0.005272865669170734,-0.33389637366376596,0.33776375539815695,0.837607321409124,1.2129833526526534
130,0.026,0.005468399294089377,0.005468399294089377,-0.3163578822327784,0.3558198037412174,0.9774912517319702,1.4089215017754604
131,0.0262,0.005654019508739783,0.005654019508739783,-0.3140671507201777,0.2726738808191737,1.076952951137013,1.4244017919901457
132,0.0264,0.005849915128851801,0.005849915128851801,-0.29417123032144066,0.3501339624949214,1.2366323039052678,1.6688555433456747
133,0.0266,0.006043951023936955,0.006043951023936955,-0.276784266347339,0.3852091152107639,1.3824879228797162,1.8338279682892222
134,0.0268,0.005339104318140331,0.005339104318140331,-0.4608182073776616,-0.4763045273054272,-0.32062197743924564,-0.2463913340601768
135,0.027,0.005532452624590123,0.005532452624590123,-0.44175196377065973,-0.48371724040425573,-0.16484073954624104,-0.15305425316009366
136,0.0272,0.005727579358822066,0.005727579358822066,-0.42755093119490456,-0.46907925693645197,-0.021518927481923716,0.009082007861075853
137,0.0274,0.0059232318961286445,0.0059232318961286445,-0.40433447053214866,-0.4541174670324793,0.12717587665932178,0.1365796691801734
138,0.0276,0.006116579393650179,0.006116579393650179,-0.3902783546179873,-0.4503196614729158,0.24987873140324435,0.329720844939556
139,0.0278,0.006312193102421704,0.006312193102421704,-0.37294852389703237,-0.4344819210972549,0.39709405305229506,0.4566306746566764
140,0.028,0.006479129107061832,0.006479129107061832,-0.38002894870466253,-0.5016172747684611,0.508344425923265,0.3417717577759668
141,0.0282,0.006673769675682006,0.006673769675682006,-0.3643420806862896,-0.4233071758624448,0.6410569162433489,0.7059880443919404
142,0.0284,0.00686978663496518,0.00686978663496518,-0.3505813002524721,-0.40913003450011504,0.7875439830504463,0.8314634087963543
143,0.0286,0.00706572351039525,0.00706572351039525,-0.33154540653200876,-0.3974039479797639,0.9327771111525874,0.9567731008205026
144,0.0288,0.0072580606570866735,0.0072580606570866735,-0.3209355428225074,-0.385776677676893,1.0395396608601097,1.1279364289816236
145,0.029,0.0074540776163700695,0.0074540776163700695,-0.30359356359744655,-0.3746780212129075,1.1841899206679691,1.2524515708250783
146,0.0292,0.006557310361702484,0.006557310361702484,0.44173112005721155,0.6534623391317721,0.49454107551885,0.9708233760653846
147,0.0294,0.0067504976915184756,0.0067504976915184756,0.47577481299339813,0.6450232538603967,0.6063760909754469,1.0411102366187244
148,0.0296,0.006946069336044136,0.006946069336044136,0.4963457085110989,0.6557040148969013,0.7517545249564781,1.1663887155392743
149,0.0298,0.0071419253186935094,0.0071419253186935094,0.5217352383622191,0.6655200390511253,0.8979744473309461,1.2906963119529313
150,0.03,0.007335595173946219,0.007335595173946219,0.5330957870254925,0.6864029664299067,1.0216549730016151,1.4965880398632037
151,0.0302,0.0075221513180689925,0.0075221513180689925,0.5282588960450324,0.6599565664647897,1.0846357407656737,1.5431808056865597
152,0.0304,0.007717155095274153,0.007717155095274153,0.5521415555238575,0.7040370742260282,1.235573674889141,1.7507666695512836
153,0.0306,0.007878830237924683,0.007878830237924683,0.5027426152961714,0.5947540161721068,1.1353223565436195,1.7447958659982872
154,0.0308,0.008074646987575873,0.008074646987575873,0.5288694531470627,0.6059058069563593,1.2806370588363984,1.867873395752022
155,0.031,0.008270865369882863,0.008270865369882863,0.5570210738293918,0.6991211271122536,1.4688710973531327,2.1294871936879
156,0.0312,0.008302428923963934,0.008302428923963934,0.24995399776434984,0.5172295030593445,1.2215354338262607,2.255117066094182
157,0.0314,0.006920266561336819,0.006920266561336819,0.2623602358909476,-0.07392702208626327,0.1664509035806072,-0.08997896454589412
158,0.0316,0.007112603708028242,0.007112603708028242,0.27666768112639667,-0.05462696722704978,0.27408369829151774,0.05939090959851146
159,0.0318,0.007305263616914859,0.007305263616914859,0.26260623125604304,-0.059928784385182704,0.40309014017223516,0.17093847735043816
160,0.032,0.007496749771553457,0.007496749771553457,0.2796566326554858,-0.05158051248238276,0.530219808007255,0.2987885057433332
161,0.0322,0.007325515529013726,0.007325515529013726,-0.1678110832803378,-0.28412423836450107,0.7494592662681994,0.6178045027335087
162,0.0324,0.005018706214868995,0.005018706214868995,0.3761986490068295,0.6375439484995465,0.9854796066623449,-0.5643180787029396
163,0.0326,0.004777377164505658,0.004777377164505658,-0.7243857165666855,-0.07939983889804032,0.3983914518728803,-0.13893379247322032
164,0.0328,0.0049251828354506255,0.0049251828354506255,-0.4684503768143538,-0.11669480227787606,0.5940169194836504,-0.0872862362567188
165,0.033,0.0051186953542445845,0.0051186953542445845,-0.4572645137496255,-0.07980188346588446,0.7204065628900994,0.052016097275056065
166,0.0332,0.005277499207646308,0.005277499207646308,-0.49700174137334907,-0.11109457416921101,0.8701298601230384,0.23954084417710642
167,0.0334,0.00546898536228535,0.00546898536228535,-0.48079141939534586,-0.06707984706221612,1.0008167663679663,0.3362974161223321
168,0.0336,0.005662860685200499,0.005662860685200499,-0.4676978409155392,-0.06460698640033485,1.1469807853960425,0.5033934799087542
169,0.0338,0.0045624070267169525,0.0045624070267169525,0.21947875410288356,0.2558787664196491,0.5913924482232943,0.414120806893036
170,0.034,0.004744431152803319,0.004744431152803319,0.22093357008858547,0.30260905477004885,0.7210598784956096,0.551359054773348
171,0.0342,0.004936078688539958,0.004936078688539958,0.23545936827863753,0.3104744086136835,0.8540833117846647,0.6678485195394552
172,0.0344,0.005128335751378277,0.005128335751378277,0.24327898503701365,0.2659355770108763,0.9880457572952525,0.764703798586093
173,0.0346,0.005322044839629614,0.005322044839629614,0.2579881966566638,0.29813815903333357,1.1325107441547333,0.9278933910847678
174,0.0348,0.005281411182518347,0.005281411182518347,0.20418807448794302,0.28206010015562566,0.89147870592384,0.6226037606413063
175,0.035,0.005475284078650278,0.005475284078650278,0.2140092866999018,0.22612901185282583,1.0132364026656198,0.7163214884791319
176,0.0352,0.005654556636803143,0.005654556636803143,0.18424408366820347,0.24324446977927572,1.1245095789054078,0.8679067498077346
177,0.0354,0.0058471760992990784,0.0058471760992990784,0.20148731614372734,0.21095349012179263,1.2463311012404268,0.97864603396206
178,0.0356,0.006041372566553571,0.006041372566553571,0.2135423385244565,0.22137965322420003,1.3908624391115583,1.1028653305937786
179,0.0358,0.00613619225278228,0.00613619225278228,0.2013938488357557,0.24015749758175906,1.5139251458763747,1.2963745237770967
180,0.036,0.005438545408927409,0.005438545408927409,-0.008556599203980265,0.06358313517942016,0.41698543019287226,0.6789157676487844
181,0.0362,0.005615188547245298,0.005615188547245298,-0.007692019261683502,0.10323366208136424,0.5623523131377255,0.8244676165414221
182,0.0364,0.005807969390838386,0.005807969390838386,0.007250583355584729,0.08277116591720254,0.7053943627993104,0.9281531303638316
183,0.0366,0.005998123645843956,0.005998123645843956,0.027892148765152783,0.11967292241744737,0.8358949884704224,1.0735383904996183
184,0.0368,0.006154218804485634,0.006154218804485634,0.00545526140837779,0.08683968715622066,0.9248240172075511,1.0340566772810436
185,0.037,0.0060813873938929675,0.0060813873938929675,-0.020301881882288382,-0.04568891523069997,0.5401829273920199,0.8641986249036867
186,0.0372,0.006260820928679411,0.006260820928679411,-0.05102720496409051,-0.0014217784184337831,0.6283033038893424,0.9349931108005057
187,0.0374,0.006454614954350069,0.006454614954350069,-0.03382561487824448,0.025073372346255774,0.7710676485379944,1.0836524540474006
188,0.0376,0.006621550958990197,0.006621550958990197,-0.031034928344027414,0.028499295680212925,0.9306588166563742,1.2495392772651035
189,0.0378,0.00680761729732593,0.00680761729732593,-0.014694955062118964,0.05611359387529308,1.0647521214973301,1.348649925251681
190,0.038,0.007000763776287666,0.007000763776287666,0.004292741852282197,0.029599567871234488,1.1917126475771131,1.502957074814847
191,0.0382,0.006200665821278317,0.006200665821278317,0.11588455333993253,0.02820982373421346,0.12258364810234063,0.5790000327777197
192,0.0384,0.00639381149131224,0.00639381149131224,0.13637449069012123,0.049929264198542954,0.2711009809608108,0.7392876839411563
193,0.0386,0.006578423781915754,0.006578423781915754,0.13207235270737222,0.053083052719128054,0.42618305546882285,0.8504372363633798
194,0.0388,0.006770802183925229,0.006770802183925229,0.15140200864874936,0.07302863681993887,0.5604346444979179,1.015074741088884
195,0.039,0.006962651547149257,0.006962651547149257,0.17079926606341275,0.056255923686318904,0.6938687896731004,1.0993875050430084
196,0.0392,0.007123479742386252,0.007123479742386252,0.13048927785257158,0.0815177132361599,0.814935832840196,1.2558530129489502
197,0.0394,0.0061410518865796515,0.0061410518865796515,0.1313521653027797,0.09860419958092367,0.36396704743529384,0.831478240941985
198,0.0396,0.0063332664807083106,0.0063332664807083106,0.15244348068549743,0.05888195458275235,0.4927924846840293,0.9238098116228508
199,0.0398,0.006511042522419075,0.006511042522419075,0.15508868942366158,0.09723163923391441,0.5436478316738688,0.9183270267944483
200,0.04,0.006700993736545202,0.006700993736545202,0.18196077794504545,0.11135823734961482,0.6584088112731079,1.0624789146843328
201,0.0402,0.006893569921403664,0.006893569921403664,0.1999548664665276,0.125116986748728,0.793337837740359,1.2092250223000693
202,0.0404,0.0069279627004879,0.0069279627004879,-0.0054337332638610064,-0.20038863600750847,0.5681938966160448,0.9852531448780769
203,0.0406,0.007103876994851932,0.007103876994851932,0.0474070229884677,-0.04162820974635079,0.7564270296658837,1.1010812967196222
204,0.0408,0.005733773723500368,0.005733773723500368,0.04910193927055996,0.1393008757547507,1.3893204753568877,0.4267259564678878
205,0.041,0.005860626546401182,0.005860626546401182,0.06167442498997334,0.056849153656497765,1.2823171610890263,0.19014031273087564
206,0.0412,0.006052313719600244,0.006052313719600244,0.07056187184923136,0.09180892790127772,1.4117988832088728,0.32724296418705334
207,0.0414,0.0042863551547245304,0.0042863551547245304,-0.17840826445423547,0.10352309370617163,0.5035358702301592,-0.22803142815246513
208,0.0416,0.004448599378086948,0.004448599378086948,-0.13191587537703023,0.1626168759271329,0.5682146873317405,-0.07261934194265324
209,0.0418,0.004638752015237113,0.004638752015237113,-0.12331779798672561,0.12149076571363072,0.7215834982142275,0.022504870249552136
210,0.042,0.004830685102489074,0.004830685102489074,-0.106671985138494,0.11559173818707698,0.8571042696264345,0.18121990932937262
211,0.0422,0.0050236673691061995,0.0050236673691061995,-0.09196520571418917,0.1286740265870855,1.0007916633522218,0.30546125089501736
212,0.0424,0.004826384842269604,0.004826384842269604,-0.1553448939603637,-0.005550347091770613,0.7551929734742887,0.2324086233287383
213,0.0426,0.005011641039406989,0.005011641039406989,-0.15404736205927705,0.025506462713517773,0.8541210175072738,0.39755718325068096
214,0.0428,0.00520219814046019,0.00520219814046019,-0.13831435764905353,0.005143911315799753,1.0004053610759565,0.4968794045406988
215,0.043,0.005394255398130765,0.005394255398130765,-0.12558593653045014,0.03731606707522112,1.13889812420087,0.6564448458945714
216,0.0432,0.005438152270013319,0.005438152270013319,-0.07013091781771993,0.012016113051405182,1.294341769674006,0.6798772372075208
217,0.0434,0.004647153134971216,0.004647153134971216,0.18151696757164576,0.21977057925762675,1.0138718369974344,0.6807484118842722
218,0.0436,0.00482824739854415,0.00482824739854415,0.180491315392656,0.21543481936681977,1.0210552440985892,0.7349798051831886
219,0.0438,0.0050172667278372,0.0050172667278372,0.1799858620016065,0.23277649766681632,1.2148781161598508,0.8550611235316528
220,0.044,0.0052069327949118005,0.0052069327949118005,0.19605783954375663,0.23215987633215449,1.3316136131137668,0.9802544462019261
221,0.0442,0.005399108560505628,0.005399108560505628,0.2088171480851377,0.2424161073322982,1.4738572624089585,1.102617278515924
222,0.0444,0.00557247473227962,0.00557247473227962,0.21186564679190173,0.16043553670944763,1.5583050317377354,1.2273692869802344
223,0.0446,0.005764688921944261,0.005764688921944261,0.22534984490931934,0.17245005821894346,1.6998962912884674,1.3491725218649335
224,0.0448,0.004963176152201543,0.004963176152201543,-0.12070157039879371,-0.13557303605646898,-0.18419813867924642,0.3603841300153479
225,0.045,0.005154946240500724,0.005154946240500724,-0.10021829645268629,-0.09471038923631998,-0.04798545420327031,0.532155269776491
226,0.0452,0.0053436844673808714,0.0053436844673808714,-0.07923551453478232,-0.09721256913374719,0.0719559043104081,0.6329066742788062
227,0.0454,0.0054281086223679775,0.0054281086223679775,-0.014521259869965402,-0.09919948655203223,0.281709395400671,0.8752145403657641
228,0.0456,0.005616967783955706,0.005616967783955706,-0.005336472178623351,-0.09197358459867616,0.4224137679615261,1.0046933251209953
229,0.0458,0.005807523267153281,0.005807523267153281,0.0049275734799358,-0.09732814250453757,0.5505380590289043,1.108720541996392
230,0.046,0.005999412267839732,0.005999412267839732,0.02744653346005802,-0.07416171375488738,0.6922625983901394,1.2624856275349787
231,0.0462,0.0061553893230215095,0.0061553893230215095,-0.020902206262631815,-0.1433023817287605,0.773457343841845,1.3376256460470706
232,0.0464,0.006345053772240261,0.006345053772240261,0.023520393192025306,-0.02319213281723416,0.9341302288735378,1.5032993762338804
233,0.0466,0.006536705352615746,0.006536705352615746,0.044051759471741295,-0.03269591958233223,1.0648230240729541,1.6490927855017912
234,0.0468,0.005966060174378729,0.005966060174378729,0.09756648013172886,0.16790035364791636,0.5801088991352134,1.3005681260956055
235,0.047,0.006157750178825028,0.006157750178825028,0.18434168281246613,0.04793104038519556,0.46860391501231413,0.872781600236406
236,0.0472,0.006348306875414433,0.006348306875414433,0.19937079665125698,0.0758300397897551,0.5929847650543738,1.0120315516053124
237,0.0474,0.006540197089492494,0.006540197089492494,0.22050321039369933,0.08781189656687471,0.7317247013659058,1.1581248280362095
238,0.0476,0.006688488521584768,0.006688488521584768,0.17987565109759923,0.2013135297366315,0.6956464201496682,1.2960917279306083
239,0.0478,0.0068784389267833035,0.0068784389267833035,0.19994874648551875,0.13760921616216953,0.8239905935453959,1.3405493064296259
240,0.048,0.007069844188641872,0.007069844188641872,0.217014828968006,0.09562064392472815,0.961478454396,1.4570191096073302
241,0.0482,0.006394080459807938,0.006394080459807938,0.12272999563124462,0.09429075649123586,0.32742248708890825,0.8426155027013182
242,0.0484,0.006578409221215109,0.006578409221215109,0.11511469393993344,0.10496399984968711,0.5091669628177906,0.9647647588689381
243,0.0486,0.006768076906144893,0.006768076906144893,0.1356285774705296,0.1209490870501365,0.642358907277541,1.1179493780585001
244,0.0488,0.006959847398908314,0.006959847398908314,0.1606802089117881,0.1308265264239949,0.7852187703776382,1.2387878419090066
245,0.049,0.00698226764199239,0.00698226764199239,0.16811012243873438,-0.13444299844816718,0.61912977851994,0.8683051300689446
246,0.0492,0.007161417647582713,0.007161417647582713,0.1347249326674144,0.06670028117391961,0.7806339657269812,1.1924266629816058
247,0.0494,0.006371955879836966,0.006371955879836966,-0.010803746303614997,0.09123422810971021,0.5630866774059562,0.6893585079137016
248,0.0496,0.006551471116331253,0.006551471116331253,-0.019189689036702318,0.10633798912921301,0.6555856512862909,0.8367056645505452
249,0.0498,0.006741824772041438,0.006741824772041438,-0.006577186662042428,0.0648607978015822,0.7941517256465599,0.9271991160885716
250,0.05,0.006932989782341359,0.006932989782341359,0.011777148068357519,0.09999665364367262,0.932618400121061,1.1016295734038068
